{"cameraMode":{"drawMode":0,"name":"Shaded","section":"Shading Mode"},"sceneLighting":true,"audioPlay":false,"sceneViewState":{"showFog":false,"showMaterialUpdate":false,"showSkybox":true,"showFlares":true,"showImageEffects":true,"showParticleSystems":true},"in2DMode":false,"pivot":{"x":-525.752685546875,"y":-409.7162170410156,"z":581.1678466796875},"rotation":{"x":0.2625527083873749,"y":-0.4691965878009796,"z":0.14840517938137055,"w":0.8301883935928345},"size":824.5197143554688,"orthographic":false}