{"cameraMode":{"drawMode":0,"name":"Shaded","section":"Shading Mode"},"sceneLighting":true,"audioPlay":false,"sceneViewState":{"showFog":false,"showMaterialUpdate":false,"showSkybox":true,"showFlares":true,"showImageEffects":true,"showParticleSystems":true},"in2DMode":false,"pivot":{"x":258.3160400390625,"y":-188.07395935058595,"z":448.9854736328125},"rotation":{"x":0.2625527083873749,"y":-0.4691965878009796,"z":0.14840517938137055,"w":0.8301883935928345},"size":528.6538696289063,"orthographic":false}