{"cameraMode":{"drawMode":0,"name":"Shaded","section":"Shading Mode"},"sceneLighting":true,"audioPlay":false,"sceneViewState":{"showFog":false,"showMaterialUpdate":false,"showSkybox":true,"showFlares":true,"showImageEffects":true,"showParticleSystems":true},"in2DMode":false,"pivot":{"x":-106.04541015625,"y":-170.34933471679688,"z":142.61865234375},"rotation":{"x":-0.3317486345767975,"y":0.34372156858444216,"z":-0.1312740296125412,"w":-0.8686758279800415},"size":437.13507080078127,"orthographic":false}