{"cameraMode":{"drawMode":0,"name":"Shaded","section":"Shading Mode"},"sceneLighting":true,"audioPlay":false,"sceneViewState":{"showFog":false,"showMaterialUpdate":false,"showSkybox":true,"showFlares":true,"showImageEffects":true,"showParticleSystems":true},"in2DMode":false,"pivot":{"x":-18.546627044677736,"y":-19.251697540283204,"z":3.276564598083496},"rotation":{"x":-0.08685651421546936,"y":0.9001484513282776,"z":-0.21058306097984315,"w":-0.3712728023529053},"size":110.795654296875,"orthographic":false}